{
  "project_info": {
    "project_number": "975439119946",
    "firebase_url": "https://remote-printing-893e0.firebaseio.com",
    "project_id": "remote-printing-893e0",
    "storage_bucket": "remote-printing-893e0.appspot.com"
  },
  "client": [
    {
      "client_info": {
        "mobilesdk_app_id": "1:975439119946:android:0bdd8f583022b5790b88b3",
        "android_client_info": {
          "package_name": "com.example.remoteprinting"
        }
      },
      "oauth_client": [
        {
          "client_id": "975439119946-n5dim0v08hbukcmc2ocoeklhnjqs97hc.apps.googleusercontent.com",
          "client_type": 3
        }
      ],
      "api_key": [
        {
          "current_key": "AIzaSyA1XEmFJpsP3a_K1JelC7E2_uLmiFoPKkw"
        }
      ],
      "services": {
        "appinvite_service": {
          "other_platform_oauth_client": [
            {
              "client_id": "975439119946-n5dim0v08hbukcmc2ocoeklhnjqs97hc.apps.googleusercontent.com",
              "client_type": 3
            }
          ]
        }
      }
    }
  ],
  "configuration_version": "1"
}